"OpenAlex ID","Título","Ano","Data de publicação","Tipo","DOI","Idioma","Número de citações","Autores","Instituições","Tópico principal","Tópicos","Fonte"
"https://openalex.org/W3130918740","Think-Aloud Exploratory Search: Understanding Search Behaviors and Knowledge Flows",2021,"2021-01-01","conference-paper","https://doi.org/10.1007/978-3-030-62066-0_23","en",2,"Bernardo Pereira Nunes | Marcelo Tibau | Sean Wolfgand Matsui Siqueira","Australian National University | Universidade Federal do Estado do Rio de Janeiro","Web Data Mining and Analysis","Data Stream Mining Techniques | Information Retrieval and Search Behavior | Web Data Mining and Analysis","Springer proceedings in complexity"
"https://openalex.org/W3092307273","REACT-M: uma Abordagem Ágil para o Gerenciamento de Requisitos de Software",2020,"2020-09-04","conference-paper","https://doi.org/10.14210/cotb.v11n1.p540-547","en",0,"Aline Franciele dos Anjos Lima | André L. C. Pinheiro | Bleno Wilson Frankiin Vale da Silva | Sandro Ronaldo Bezerra Oliveira","Universidade Federal do Pará","Software Engineering Techniques and Practices","Software Engineering Research | Software Engineering Techniques and Practices | Software System Performance and Reliability","Anais do XI Computer on the Beach - COTB '20"
"https://openalex.org/W7127901202","Visualización de la información: tipologías y funciones alineadas con distintos propósitos",2026,"2026-01-01","article","https://doi.org/10.17533/udea.rib.v49n1e362733","",0,"Adílson Luiz Pinto | Audilio Gonzalez Aguilar | Júlio Monteiro Teixeira","Universidade Federal de Santa Catarina | Université Paul-Valéry Montpellier","Data Visualization and Analytics","Data Visualization and Analytics | Digital Humanities and Scholarship | Information Architecture and Usability","Revista Interamericana de Bibliotecología"
"https://openalex.org/W4405482055","The Brazilian Blockchain Network and CBDC: searching for creating a Digital Public Infrastructure",2024,"2024-10-01","conference-paper","https://doi.org/10.1145/3680127.3680206","en",0,"Marie Anne Macadar | Vanessa Almeida","Universidade Federal do Rio de Janeiro","Blockchain Technology Applications and Security","Blockchain Technology Applications and Security | Digital Platforms and Economics | FinTech, Crowdfunding, Digital Finance",""
"https://openalex.org/W4226017161","The COVID-19 vaccination campaign and the health impacts on professionals at a Primary Health Care service in the city of São Paulo, Brazil",2022,"2022-01-01","article","https://doi.org/10.1016/j.shaw.2021.12.1422","en",0,"Maria do Carmo Baracho de Alencar | Mariana Ursini Caires","Universidade Federal de São Paulo","Healthcare during COVID-19 Pandemic","Healthcare during COVID-19 Pandemic","Safety and Health at Work"
"https://openalex.org/W4404572340","Adversarial training and attribution methods enable evaluation of robustness and interpretability of deep learning models for image classification",2024,"2024-11-21","article","https://doi.org/10.1103/physreve.110.054310","en",1,"Cleber Zanchettin | Flávio Santos | Luı́s A. Nunes Amaral | Weihua Lei","Northwestern University | Universidade Federal de Pernambuco","Adversarial Robustness in Machine Learning","Adversarial Robustness in Machine Learning | Anomaly Detection Techniques and Applications | COVID-19 diagnosis using AI","Physical review. E"
"https://openalex.org/W4391828540","Impacto da otimização de funções hash no desempenho do algoritmo de assinatura digital pós-quântica CRYSTALS-Dilithium",2023,"2023-09-18","conference-paper","https://doi.org/10.5753/sbseg_estendido.2023.234084","pt",0,"Marco Aurélio Amaral Henriques | Rodrigo Duarte de Meneses","Universidade Estadual de Campinas (UNICAMP)","Quantum Computing Algorithms and Architecture","Advanced Data Storage Technologies | Cryptography and Data Security | Quantum Computing Algorithms and Architecture",""
"https://openalex.org/W4233421562","PROCESSO DE TRABALHO DA ENFERMAGEM FRENTE AO MANEJO CLINICO DE LESÕES CUTÂNEAS CRÔNICAS",2021,"2021-05-05","conference-paper","https://doi.org/10.48195/jie2021-133","pt",0,"MAINI APARECIDA DE FREITAS GOMES | MARIZA CECíLIA DA ROCHA ADAMI | MARíLIA DE FARIA | Rayssa Nogueira Rodrigues","Federal University of São João del-Rei | Universidade Federal de Viçosa","Healthcare during COVID-19 Pandemic","Healthcare during COVID-19 Pandemic","Anais ... Jornada Internacional de Enfermagem"
"https://openalex.org/W4313321115","Oportunidades e barreiras à comunicação interprofissional no contexto da Covid-19: protocolo de revisão de escopo",2022,"2022-12-16","article","https://doi.org/10.17665/1676-4285.20226596","pt",0,"Ana Lamdin Carvalho | Carla de Gouvêa dos Santos | Isadora Therezinha Neves do Couto Vargas | Marcone Ferreira de Souza | Sandra Regina Peixoto de Sousa | Ândréa Cardoso de Souza","Universidade Federal Fluminense","Healthcare during COVID-19 Pandemic","Healthcare during COVID-19 Pandemic","Online Brazilian Journal of Nursing"
"https://openalex.org/W3036964893","A Mechanized Proof of a Textbook Type Unification Algorithm",2020,"2020-06-18","article","https://doi.org/10.22456/2175-2745.100968","en",0,"André Rauber Du Bois | Maycon Amaro | Rodrigo Geraldo Ribeiro","Universidade Federal de Ouro Preto | Universidade Federal de Pelotas","Logic, programming, and type systems","Logic, programming, and type systems | Mathematics, Computing, and Information Processing | Semantic Web and Ontologies","Revista de Informática Teórica e Aplicada"
"https://openalex.org/W4395444663","TAC: A Python package for IoT-focused Tiny Anomaly Compression",2024,"2024-04-25","software-paper","https://doi.org/10.1016/j.softx.2024.101747","en",1,"Gabriel Signoretti | Ivanovitch Medeiros Dantas da Silva | Marianne Silva | Miguel Amaral","Universidade Federal do Rio Grande do Norte","Algorithms and Data Compression","Algorithms and Data Compression | Computational Physics and Python Applications | IoT Networks and Protocols","SoftwareX"
"https://openalex.org/W4211247621","An Introduction to Wearable Sensor Technology",2022,"2022-01-01","book-chapter","https://doi.org/10.1007/978-3-030-81473-1_9","en",1,"Arthur Medeiros | Gautam Srivastava | Lucas Leme","Brandon University | Universidade Estadual de Mato Grosso do Sul","IoT and Edge/Fog Computing","Advanced Sensor and Energy Harvesting Materials | IoT and Edge/Fog Computing | Wireless Body Area Networks","Internet of things"
"https://openalex.org/W4319935697","A Tutorial to Use the MediaPipe Framework with ROS2",2023,"2023-01-01","book-chapter","https://doi.org/10.1007/978-3-031-09062-2_1","en",1,"André Schneider de Oliveira | Dieisson Martinelli | Jonathan Cerbaro | João Alberto Fabro | Marco Antônio Simões Teixeira","Universidade Tecnológica Federal do Paraná","Robotic Path Planning Algorithms","Augmented Reality Applications | Robot Manipulation and Learning | Robotic Path Planning Algorithms","Studies in computational intelligence"
"https://openalex.org/W4391332401","Aspectos Gerais da Reação Inflamatória na COVID-19",2023,"2023-01-01","book-chapter","https://doi.org/10.37423/231208527","pt",0,"Leonardo Borghetti Calil | Renata Dellalibera-Joviliano","Universidade Federal de Santa Catarina","Healthcare during COVID-19 Pandemic","Healthcare Regulation | Healthcare during COVID-19 Pandemic","Editora Conhecimento Livre eBooks"
"https://openalex.org/W4409312658","Exploring Non-CS Learners’ Experience in Brazil",2025,"2025-04-07","conference-paper","https://doi.org/10.5753/educomp.2025.4889","en",0,"Renata Faria Gomes | Ricardo Santos | Vinícius Cardoso Garcia","Universidade Federal de Pernambuco","Teaching and Learning Programming","Gender and Technology in Education | Online Learning and Analytics | Teaching and Learning Programming",""
"https://openalex.org/W4391140408","Development of Visualization Metaphors for Monitoring Student Engagement in Distance Learning Environments",2023,"2023-11-06","conference-paper","https://doi.org/10.5753/sbie.2023.234819","en",0,"Alexandre Magno Andrade Maciel | Pamella Letícia Silva de Oliveira | Rodrigo Lins Rodrigues","Universidade Federal Rural de Pernambuco | Universidade de Pernambuco","Online Learning and Analytics","Innovative Teaching and Learning Methods | Online Learning and Analytics | Online and Blended Learning",""
"https://openalex.org/W4402148454","BRESSAY: A Brazilian Portuguese Dataset for Offline Handwritten Text Recognition",2024,"2024-01-01","conference-paper","https://doi.org/10.1007/978-3-031-70536-6_19","en",6,"Alejandro  Héctor Toselli | Arthur Flor de Sousa Neto | Byron Leite Dantas Bezerra | Hugo J. F. Hazin | Kléberson F. Alves | Macileide F. Oliveira | Pedro Rocha | Samara V. S. Lins | Sávio Santos de Araújo | Wiliane M. A. S. Souza","Universidade Federal do Agreste de Pernambuco | Universidade Federal do Vale do São Francisco | Universidade de Pernambuco | Universitat Politècnica de València","Handwritten Text Recognition Techniques","Handwritten Text Recognition Techniques | Image Processing and 3D Reconstruction | Vehicle License Plate Recognition","Lecture notes in computer science"
"https://openalex.org/W4389936287","Answering to the Italian colleagues",2023,"2023-12-19","article","https://doi.org/10.4081/rp.2023.848","en",0,"Jô Gondar","Universidade Federal do Estado do Rio de Janeiro","Linguistic Studies and Language Acquisition","Educational and Social Studies | Linguistic Studies and Language Acquisition","RICERCA PSICOANALITICA"
"https://openalex.org/W4309710666","Handbook of Re-Engineering Software Intensive Systems into Software Product Lines",2022,"2022-11-22","book","https://doi.org/10.1007/978-3-031-11686-5","en",15,"Jabier Martinez | Mathieu Acher | Roberto E. Lopez-Herrejon | Sílvia Regina Vergílio | Tewfik Ziadi | Wesley K. G. Assunção","Centre National de la Recherche Scientifique | Institut Universitaire de France | Institut de Recherche en Informatique et Systèmes Aléatoires | Johannes Kepler University of Linz | LIP6 | Pontifícia Universidade Católica do Rio de Janeiro | Sorbonne Université | Tecnalia | Universidade Federal do Paraná | Université de Rennes | École de Technologie Supérieure","Software Engineering Techniques and Practices","Advanced Software Engineering Methodologies | Software Engineering Techniques and Practices",""
"https://openalex.org/W4412376968","Optimizing Tail-Head Trade-off for Extreme Multi-Label Text Classification (XMTC) with RAG-Labels and a Dynamic Two-Stage Retrieval and Fusion Pipeline",2025,"2025-07-13","conference-paper","https://doi.org/10.1145/3726302.3730052","en",2,"Celso Aparecido de França | Gestefane Rabbi | Leonardo Rocha | Marcos André Gonçalves | Thiago Salles | Washington Luiz Miranda da Cunha","Federal University of São João del-Rei | Universidade Federal de Minas Gerais","Text and Document Classification Technologies","Machine Learning and Data Classification | Text and Document Classification Technologies | Web Data Mining and Analysis",""
"https://openalex.org/W3091453955","A ELABORAÇÃO DE MAPAS HIPSOMÉTRICOS NA TOMADA DE DECISÃO EM OBRA, USANDO O SOFTWARE AUTOCAD CIVIL 3D",2020,"2020-01-01","conference-paper","https://doi.org/10.4322/sinabim.2020.012","pt",0,"Francisco Henrique Ximenes da Cruz | Jose Marcos","Instituto Federal de Educação, Ciência e Tecnologia do Ceará | Universidade de Fortaleza","Augmented Reality Applications","3D Surveying and Cultural Heritage | Augmented Reality Applications | Computational Geometry and Mesh Generation",""
"https://openalex.org/W4411087782","Metacognição e sua inter-relação com a Competência em Informação no contexto empresarial",2025,"2025-05-30","article","https://doi.org/10.5433/1981-8920.2025v30n1p130","pt",0,"Gysele Fernandes dos Santos Rogo | Marta Lígia Pomim Valentim","Universidade Estadual Paulista (Unesp)","Information Science and Libraries","Business and Management Studies | Information Architecture and Usability | Information Science and Libraries","Informação & Informação"
"https://openalex.org/W4393690069","TDB2 databases for LargeRDFBench",2021,"2021-06-27","dataset","https://doi.org/10.5281/zenodo.5035466","en",0,"Alexis Huf | Frank Siqueira","Universidade Federal de Santa Catarina","Advanced Data Storage Technologies","Advanced Data Storage Technologies | Magnetic confinement fusion research","Zenodo (CERN European Organization for Nuclear Research)"
"https://openalex.org/W4415405014","RECONHECIMENTO AUTOMÁTICO DE TATUAGENS: APLICAÇÃO NA ÁREA FORENSE",2025,"2025-10-21","article","https://doi.org/10.56238/revgeov16n5-044","",0,"Carlos Augusto Sicsú Ayres Do Nascimento | Flávio Lucas dos Santos Baptista | Giancarlo Cordeiro da Costa | Marcelo Musci","Universidade Federal do Rio de Janeiro | Universidade do Estado do Rio de Janeiro","Hand Gesture Recognition Systems","Hand Gesture Recognition Systems | Tattoo and Body Piercing Complications | Video Surveillance and Tracking Methods","Revista de Geopolítica"
"https://openalex.org/W4295106655","A realidade do outro em realidade virtual: experiências imersivas e multissensoriais para comunicar a empatia",2022,"2022-09-07","article","https://doi.org/10.5902/2316882x67142","pt",0,"Eduardo Zilles Borba | Tiago Castro e Couto","Universidade Federal do Rio Grande do Sul | Universidade do Vale do Rio dos Sinos","Virtual Reality Applications and Impacts","Augmented Reality Applications | Virtual Reality Applications and Impacts","Cadernos de Comunicação"
"https://openalex.org/W4404445849","Impact of Quantization on Large Language Models for Portuguese Classification Tasks",2024,"2024-11-16","conference-paper","https://doi.org/10.1007/978-3-031-76607-7_16","en",2,"Danilo Samuel Jodas | Gabriel Lino Garcia | João Paulo Papa | João Renato Ribeiro Manesco | Pedro Henrique Paiola","Universidade Estadual Paulista (Unesp)","Natural Language Processing Techniques","Natural Language Processing Techniques","Lecture notes in computer science"
"https://openalex.org/W3053396053","Kripke-Style Models for Logics of Evidence and Truth",2020,"2020-08-19","article","https://doi.org/10.3390/axioms9030100","en",15,"Abílio Rodrigues | Andreas Kapsner | Henrique Antunes | Walter Alexandre Carnielli","Ludwig-Maximilians-Universität München | Universidade Estadual de Campinas (UNICAMP) | Universidade Federal de Minas Gerais","Logic, Reasoning, and Knowledge","Bayesian Modeling and Causal Inference | Logic, Reasoning, and Knowledge | Semantic Web and Ontologies","Axioms"
"https://openalex.org/W4378966708","Density of instantaneous frequencies in the Kuramoto–Sakaguchi model",2023,"2023-06-01","article","https://doi.org/10.1016/j.chaos.2023.113553","en",0,"Edson Denner Leonel | Julio D. da Fonseca | Rene O. Medrano-T","Universidade Estadual Paulista (Unesp) | Universidade Federal de São Paulo","Nonlinear Dynamics and Pattern Formation","Ecosystem dynamics and resilience | Nonlinear Dynamics and Pattern Formation | Theoretical and Computational Physics","Chaos Solitons & Fractals"
"https://openalex.org/W4285333649","“Hiperbingão”: Uma Estratégia de Adesão ao Tratamento de Hipertensão Arterial Sistêmica na Atenção Primária à Saúde",2021,"2021-11-04","article","https://doi.org/10.18310/2446-4813.2022v8n1p39-49","pt",1,"Daniela Dallegrave | Gabriely Westphal Ramos | Paula Vitória Pena Machado","Universidade Federal do Rio Grande do Sul","Healthcare during COVID-19 Pandemic","Healthcare during COVID-19 Pandemic","Saúde em Redes"
"https://openalex.org/W7118005793","OntoIAC: Ontological Modeling of Collaborations Between Industry and Academia in the Context of Agile Software Development",2026,"2026-01-01","conference-paper","https://doi.org/10.1007/978-3-032-12879-9_23","en",0,"Cleyton Mário de Oliveira Rodrigues | Denis de G. Marques | Wylliams Barbosa Santos","Universidade de Pernambuco","Semantic Web and Ontologies","E-Learning and Knowledge Management | Semantic Web and Ontologies | Software Engineering Techniques and Practices","Lecture notes in networks and systems"
"https://openalex.org/W3189372064","CONTRIBUIÇÕES DA CIÊNCIA EM TEMPOS DE PANDEMIA",2021,"2021-05-31","article","","pt",0,"Cléber Ronald Inácio dos Santos","Universidade Federal do Acre","Healthcare during COVID-19 Pandemic","Education during COVID-19 pandemic | Healthcare during COVID-19 Pandemic","DêCiência em Foco"
"https://openalex.org/W4410927254","Self-Similar Renormalization for Nonlinear Problems",2025,"2025-06-01","article","https://doi.org/10.1134/s1547477125700153","en",0,"E. P. Yukalova | Vyacheslav I. Yukalov","Instituto de Física de São Carlos | Joint Institute for Nuclear Research | Universidade de São Paulo","Nonlinear Dynamics and Pattern Formation","Nonlinear Dynamics and Pattern Formation | Quantum chaos and dynamical systems | Theoretical and Computational Physics","Physics of Particles and Nuclei Letters"
"https://openalex.org/W4388821160","An Agile Conflict-Solving Framework for Intent-Based Management of Service Level Agreement",2023,"2023-10-18","conference-paper","https://doi.org/10.1109/6gnet58894.2023.10317714","en",16,"Dianne S. V. Medeiros | Diogo M. F. Mattos | Igor M. Moraes | Martin Andreoni Lopez | Nicollas Rodrigues de Oliveira","Technology Innovation Institute | Universidade Federal Fluminense","Software System Performance and Reliability","Smart Grid Security and Resilience | Software System Performance and Reliability | Software-Defined Networks and 5G",""
"https://openalex.org/W3116546570","A inclusão feminina no contexto da Brigada Militar no RS : a análise do domínio em registros de arquivo para subsidiar a construção de uma taxonomia",2020,"2020-10-28","conference-abstract","","pt",0,"Carine Melo Cogo Bastos | Thiago Henrique Bragato Barros","Universidade Federal do Rio Grande do Sul","Information Science and Libraries","Academic Research in Diverse Fields | Brazilian cultural history and politics | Information Science and Libraries","Lume (Universidade Federal do Rio Grande do Sul)"
"https://openalex.org/W4379466730","Investigando o impacto de anomalias de código nas práticas do desenvolvimento de software",2023,"2023-06-06","article","https://doi.org/10.13102/semic.vi26.9905","pt",0,"Daniel Alves Costa | Jose Amancio Macedo Santos","Universidade Estadual de Feira de Santana","Software Reliability and Analysis Research","Software Engineering Research | Software Reliability and Analysis Research","Anais dos Seminários de Iniciação Científica"
"https://openalex.org/W4389918371","O uso da tecnologia da informação nas decisões de consumo e de investimento dos jovens durante a pandemia",2023,"2023-12-18","article","https://doi.org/10.48075/csar.v26i46.30228","pt",0,"Jocildo Figueiredo Correia Neto | Wanessa Hellen Santana do Nascimento | Érico Veras Marques","Escola de Administração de Empresas de São Paulo | Fundação Getulio Vargas | Universidade Federal do Ceará","Healthcare during COVID-19 Pandemic","Healthcare during COVID-19 Pandemic","Ciências sociais aplicadas em revista"
"https://openalex.org/W4318433276","The Destabilizing Effect of Unbalanced Reaction as Diffusivity Decreases on Reaction-Diffusion Equations in Boundaryless Surfaces",2023,"2023-01-20","article","https://doi.org/10.1137/21m1448082","en",0,"Arnaldo Simal do Nascimento","Universidade Federal de São Carlos","Nonlinear Dynamics and Pattern Formation","Advanced Mathematical Modeling in Engineering | Nonlinear Dynamics and Pattern Formation | Theoretical and Computational Physics","SIAM Journal on Mathematical Analysis"
"https://openalex.org/W4400314148","Modelagem Conceitual de Dívida Técnica na Engenharia de Requisitos",2024,"2024-01-01","conference-abstract","https://doi.org/10.29327/1407529.27-11","pt",1,"Jaelson B Castro | José F. Guilhermino da Silva | Maria Lencastre","Universidade Federal de Pernambuco | Universidade de Pernambuco","Software Engineering Techniques and Practices","Quality and Supply Management | Safety Systems Engineering in Autonomy | Software Engineering Techniques and Practices",""
"https://openalex.org/W7206181922","Coffee Cups, Donuts, and Invariants: A State of the Art Review of Topology, Invariants, and the Shape of Space",2026,"2026-09-02","article","https://doi.org/10.5281/zenodo.22255833","",0,"10 MATH | Zen Revista","Faculdades Guarulhos","Topological and Geometric Data Analysis","Data Visualization and Analytics | Mathematics Education and Teaching Techniques | Topological and Geometric Data Analysis","Zenodo (CERN European Organization for Nuclear Research)"
"https://openalex.org/W7206163425","Locks, Keys, and Clinical Trials: A State of the Art Review of Pharmaceutical Chemistry and Drug Design",2026,"2026-09-02","article","https://doi.org/10.5281/zenodo.22259557","",0,"10 CHEMISTRY | Zen Revista","Faculdades Guarulhos","Computational Drug Discovery Methods","Chemistry and Chemical Engineering | Computational Drug Discovery Methods | Cyclization and Aryne Chemistry","Zenodo (CERN European Organization for Nuclear Research)"
"https://openalex.org/W3132636435","Terceira idade e medicação: compreensão da terapêutica medicamentosa por idosos não alfabetizados",2021,"2021-01-15","article","https://doi.org/10.36489/saudecoletiva.2018v8i45p869-873","pt",0,"Cláudia Moreira de Lima | Grasiela Cristina Silva Botelho Silvestre | Jefferson Tennesse da Silva Vicente | Juliane Batista da Silva | Laí­za Strinta Castelli | Sue Ellen Ferreira Modesto Rey de Figueiredo","Universidade de Cuiabá","Healthcare during COVID-19 Pandemic","Health, Nursing, Elderly Care | Healthcare during COVID-19 Pandemic | Public Health in Brazil","Saúde Coletiva (Barueri)"
"https://openalex.org/W7161949147","Manifestações clínicas precoces e complexidade diagnóstica na doença de Alzheimer: uma revisão sistemática",2026,"2026-05-21","article","https://doi.org/10.52641/cadcajv11i6.2859","pt",0,"Danielle D. Menezes Rutilli | Letícia Paola Almeida Silva | Liliane Trivellato Grassi | Samuel Estevam Vidal","Estácio (Brazil) | Universidade de Brasília","Healthcare during COVID-19 Pandemic","Antioxidants, Aging, Portulaca oleracea | Dementia and Cognitive Impairment Research | Healthcare during COVID-19 Pandemic","Cadernos Cajuína"
"https://openalex.org/W7117998215","Detection of Vehicle Purchases in Various Invoices using Large-Scale Language Models",2025,"2025-11-12","conference-paper","https://doi.org/10.5753/eramiars.2025.16764","",0,"Gabriel Vinícius Heisler | Renato Fileto | Vitória S. Santos | William Jones Beckhauser","Universidade Federal de Santa Catarina","Sentiment Analysis and Opinion Mining","Imbalanced Data Classification Techniques | Sentiment Analysis and Opinion Mining | Text and Document Classification Technologies",""
"https://openalex.org/W4394892343","INFARTO AGUDO DO MIOCÁRDIO E SEUS MANEJOS NA EMERGÊNCIA CARDIOLÓGICA REVISÃO SISTEMÁTICA",2024,"2024-04-16","article","https://doi.org/10.36557/2674-8169.2024v6n4p1634-1652","pt",0,"Igor Bento Alves | Kelven Henrique Silva de Sousa | Larissa Silva Guimaraes | Leticia Laieni Barros Pinto | Lucas Diogo Santos Portella | Maria Carolina de Oliveira | Mariana dos Santos Caetano Júnior | Matheus Testa das Neves Sasso | Najla Elias Cordeiro | Paola Santos da Silva | Regina Santiago Gomes de Souza | Roberta Hamerski | Thiago José Borges Campanerutto | Vitória de Oliveira de Abreu","Centro Universitário São Lucas | Centro Universitário de Belo Horizonte | Faculdade Redentor | Universidade Católica de Pelotas | Universidade Federal de Pelotas | Universidade Federal de Roraima","Healthcare during COVID-19 Pandemic","Healthcare during COVID-19 Pandemic","Brazilian Journal of Implantology and Health Sciences"
"https://openalex.org/W4404470478","Aplicação do capital científico do tipo objetivado e puro na Base de Dados em Ciência da Informação",2023,"2023-10-20","article","https://doi.org/10.22478/ufpb.1809-4775.2023v19n2.67549","pt",1,"Bruno Henrique Alves","Universidade Federal Fluminense","Information Science and Libraries","Competitive and Knowledge Intelligence | Information Science and Libraries","Biblionline"
"https://openalex.org/W3146811573","A Roadmap to Nextgen Aircraft Control for Last Mile Delivery Drones",2021,"2021-04-06","preprint","https://doi.org/10.36227/techrxiv.14347655.v1","en",1,"Cesar Augusto Cavalheiro Marcondes | Denis Silva Loubach | Elton Felipe Sbruzzi | Filipe Alves Neto Verri | Johnny Marques | Lourenço Alves Pereira | Marcos R. O. A. Máximo | Vitor Curtis","Instituto Tecnológico de Aeronáutica","Blockchain Technology Applications and Security","Blockchain Technology Applications and Security",""
"https://openalex.org/W4318328439","Analyzing Test Smells Refactoring from a Developers Perspective",2022,"2022-11-07","conference-paper","https://doi.org/10.1145/3571473.3571487","en",7,"Carla Ilane Moreira Bezerra | Emanuel Ferreira Coutinho | Humberto Damasceno | Ivan Machado","Universidade Federal da Bahia | Universidade Federal do Ceará","Software Engineering Research","Software Engineering Research | Software Reliability and Analysis Research | Software Testing and Debugging Techniques",""
"https://openalex.org/W4415964631","Acessibilidade digital",2025,"2025-11-06","article","https://doi.org/10.5195/biblios.2025.1271","pt",0,"Bianca Amaro | Blena Estevam dos Santos | Cássio Teixeira de Morais | Denise Aparecida Freitas de Andrade | Letícia Guarany Bonetti | Millena Cordeiro Matos de Lima | Priscila Machado Borges Sena | Tatyane Guedes Martins da Silva","Instituto Brasileiro de Informação em Ciência e Tecnologia | Ministério da Ciência e Tecnologia","Information Science and Libraries","Academic Research in Diverse Fields | Education and Digital Technologies | Information Science and Libraries","Biblios Journal of Librarianship and Information Science"
"https://openalex.org/W4317930152","Error-Correcting Mean-Teacher: Corrections instead of consistency-targets applied to semi-supervised medical image segmentation",2023,"2023-01-25","article","https://doi.org/10.1016/j.compbiomed.2023.106585","en",25,"Christoph Palm | David Rauber | João Paulo Papa | Luis Antonio de Souza Jr | Robert W. Mendel","OTH Regensburg | Universidade Estadual Paulista (Unesp) | Universidade Federal de São Carlos","Advanced Neural Network Applications","AI in cancer detection | Advanced Neural Network Applications | Medical Imaging and Analysis","Computers in Biology and Medicine"
"https://openalex.org/W4295339560","Mediação da informação em presença",2022,"2022-09-13","article","https://doi.org/10.21728/logeion.2022v9n1.p62-90","pt",6,"Rodrigo Rabello","Universidade de Brasília","Information Science and Libraries","Cultural, Media, and Literary Studies | Education and Digital Technologies | Information Science and Libraries","Logeion Filosofia da Informação"
