openalex_id,nome,orcid,quantidade_trabalhos,numero_citacoes,h_index,i10_index,media_citacoes_2_anos
A5120933120,Zen Revista,https://orcid.org/0009-0007-6299-2008,6552,0,0,0,0.0
A5073544378,Luı́s A. Nunes Amaral,https://orcid.org/0000-0002-3762-789X,360,54255,80,175,5.566666666666666
A5086217690,Jaelson B Castro,https://orcid.org/0000-0002-4635-7297,302,3439,23,74,0.3076923076923077
A5087565388,Leonardo Rocha,https://orcid.org/0000-0002-4913-4902,278,2272,25,53,1.7789473684210526
A5083485444,Sandro Ronaldo Bezerra Oliveira,https://orcid.org/0000-0002-8929-5145,267,498,11,14,0.49056603773584906
A5065478543,Rodrigo Lins Rodrigues,https://orcid.org/0000-0002-3598-5204,211,699,13,21,1.2162162162162162
A5076412136,Diogo M. F. Mattos,https://orcid.org/0000-0002-1279-7366,192,1948,26,43,1.6111111111111112
A5079474193,Ivanovitch Medeiros Dantas da Silva,https://orcid.org/0000-0002-0116-6489,187,2450,24,61,5.173076923076923
A5086345001,Cleber Zanchettin,https://orcid.org/0000-0001-6421-9747,187,1437,18,35,2.122448979591837
A5064568279,Emanuel Ferreira Coutinho,https://orcid.org/0000-0003-2233-7109,179,857,13,23,0.7021276595744681
A5069811040,Bernardo Pereira Nunes,https://orcid.org/0000-0001-9764-9401,159,1460,15,34,1.1923076923076923
A5072582499,André Schneider de Oliveira,https://orcid.org/0000-0002-8295-366X,156,827,14,24,1.9024390243902438
A5090561002,Thiago Henrique Bragato Barros,https://orcid.org/0000-0001-7439-5779,154,133,5,1,0.32558139534883723
A5080554903,Priscila Machado Borges Sena,https://orcid.org/0000-0002-5612-4315,133,105,5,2,0.08064516129032258
A5065258075,Frank Siqueira,https://orcid.org/0000-0002-8275-5751,115,508,12,14,1.1428571428571428
A5072581721,Igor M. Moraes,https://orcid.org/0000-0002-5919-7923,113,1096,18,21,0.7272727272727273
A5066754831,Marco Aurélio Amaral Henriques,https://orcid.org/0000-0001-9241-2229,101,303,10,10,0.6153846153846154
A5149311754,10 MATH,https://orcid.org/0009-0007-6299-2008,93,0,0,0,0.0
A5149151129,10 CHEMISTRY,https://orcid.org/0009-0007-6299-2008,88,0,0,0,0.0
A5075496330,João Alberto Fabro,https://orcid.org/0000-0001-8975-0323,82,328,8,5,0.25
A5080689439,Maria do Carmo Baracho de Alencar,https://orcid.org/0000-0001-7555-4153,71,279,10,10,1.5833333333333333
A5078320293,Marianne Silva,https://orcid.org/0000-0002-8277-7571,55,355,8,8,1.96
A5103147144,Marco Antônio Simões Teixeira,https://orcid.org/0000-0002-0372-312X,55,399,9,8,1.25
A5103077836,Júlio Monteiro Teixeira,https://orcid.org/0000-0002-9887-419X,54,93,4,1,2.25
A5088367939,Denis Silva Loubach,https://orcid.org/0000-0003-1595-3448,53,230,10,10,1.7692307692307692
A5102014136,Bruno Henrique Alves,https://orcid.org/0000-0001-8381-2837,46,31,3,0,0.0
A5085245450,Andreas Kapsner,https://orcid.org/0000-0002-6494-1876,43,218,8,7,1.5
A5082661016,Celso Aparecido de França,https://orcid.org/0000-0002-0251-7172,42,278,6,5,1.9230769230769231
A5074778960,Liliane Trivellato Grassi,https://orcid.org/0000-0003-0768-943X,41,85,4,1,0.043478260869565216
A5083865937,Cláudia Moreira de Lima,https://orcid.org/0000-0001-9864-7651,38,27,3,0,0.16666666666666666
A5062021162,Flávio Santos,https://orcid.org/0000-0003-2378-5376,37,135,6,3,0.25
A5076791581,E. P. Yukalova,,35,117,2,2,0.15789473684210525
A5070774905,Larissa Silva Guimaraes,https://orcid.org/0009-0004-3025-2126,34,7,1,0,0.08333333333333333
A5084445526,Alexis Huf,https://orcid.org/0000-0003-2723-0546,34,76,4,3,0.0
A5082492663,Letícia Guarany Bonetti,https://orcid.org/0000-0002-3012-8465,27,4,1,0,0.0
A5092654662,Denise Aparecida Freitas de Andrade,https://orcid.org/0000-0003-3988-5929,26,7,2,0,0.08695652173913043
A5111084262,Giancarlo Cordeiro da Costa,,25,110,4,4,0.13333333333333333
A5105959098,Blena Estevam dos Santos,https://orcid.org/0009-0006-7329-9236,21,1,1,0,0.047619047619047616
A5065385743,Pedro Rocha,https://orcid.org/0009-0009-4993-7754,20,42,3,2,1.0
A5089284859,Dieisson Martinelli,https://orcid.org/0000-0001-7589-1942,20,41,4,0,1.25
A5106009019,Millena Cordeiro Matos de Lima,https://orcid.org/0009-0008-6033-8018,15,1,1,0,0.06666666666666667
A5112869822,Cléber Ronald Inácio dos Santos,https://orcid.org/0000-0003-0561-8785,13,39,3,2,0.5
A5092023903,Leonardo Borghetti Calil,,11,0,0,0,0.0
A5076052142,Jefferson Tennesse da Silva Vicente,https://orcid.org/0000-0003-1213-3284,10,14,2,0,0.0
A5104230158,Miguel Amaral,https://orcid.org/0000-0003-4629-1723,10,52,3,1,5.285714285714286
A5072796194,Gabriely Westphal Ramos,https://orcid.org/0000-0001-8481-632X,9,4,1,0,0.0
A5076754393,Vanessa Almeida,https://orcid.org/0009-0002-2693-7355,9,156,2,2,0.25
A5082663137,Sandra Regina Peixoto de Sousa,https://orcid.org/0000-0002-4163-7660,8,0,0,0,0.0
A5093312337,William Jones Beckhauser,https://orcid.org/0009-0004-2647-3874,7,13,2,0,1.6666666666666667
A5063807031,Ana Lamdin Carvalho,https://orcid.org/0000-0003-3252-3722,6,4,1,0,0.0
A5081398342,Paula Vitória Pena Machado,https://orcid.org/0000-0002-8672-9235,6,2,1,0,0.5
A5089286651,Flávio Lucas dos Santos Baptista,,6,2,1,0,0.4
A5104243898,Rodrigo Duarte de Meneses,,6,4,1,0,1.0
A5114429059,Gestefane Rabbi,https://orcid.org/0009-0006-4484-3773,5,9,2,0,1.8
A5074299852,Wanessa Hellen Santana do Nascimento,https://orcid.org/0000-0002-3037-0892,4,2,1,0,0.0
A5085158839,Najla Elias Cordeiro,https://orcid.org/0009-0000-5032-9021,4,0,0,0,0.0
A5108978974,Sávio Santos de Araújo,https://orcid.org/0000-0002-4707-6948,4,9,2,0,2.25
A5065004029,Maria Carolina de Oliveira,https://orcid.org/0009-0009-0047-0604,3,0,0,0,0.0
A5095746602,Leticia Laieni Barros Pinto,https://orcid.org/0009-0002-8283-2451,3,2,1,0,0.6666666666666666
A5102915515,Regina Santiago Gomes de Souza,https://orcid.org/0009-0009-9758-5730,3,0,0,0,0.0
A5121765519,Denis de G. Marques,,3,0,0,0,0.0
A5077040737,MARIZA CECíLIA DA ROCHA ADAMI,,2,0,0,0,0.0
A5095039347,Matheus Testa das Neves Sasso,https://orcid.org/0009-0006-1657-9514,2,0,0,0,0.0
A5106949721,Kléberson F. Alves,https://orcid.org/0000-0001-8648-4488,2,6,1,0,3.0
A5106949722,Macileide F. Oliveira,https://orcid.org/0009-0003-2242-6168,2,6,1,0,3.0
A5106949723,Samara V. S. Lins,https://orcid.org/0009-0001-2554-0156,2,6,1,0,3.0
A5106949724,Hugo J. F. Hazin,https://orcid.org/0009-0005-2943-697X,2,6,1,0,3.0
A5125195786,Audilio Gonzalez Aguilar,,2,0,0,0,0.0
A5136684877,Letícia Paola Almeida Silva,,2,0,0,0,0.0
A5136687972,Danielle D. Menezes Rutilli,,2,0,0,0,0.0
A5064100252,MARíLIA DE FARIA,,1,0,0,0,0.0
A5088511873,MAINI APARECIDA DE FREITAS GOMES,,1,0,0,0,0.0
A5095746603,Thiago José Borges Campanerutto,https://orcid.org/0009-0001-1896-5164,1,0,0,0,0.0
A5095746604,Vitória de Oliveira de Abreu,https://orcid.org/0009-0007-1311-3521,1,0,0,0,0.0
A5095746605,Roberta Hamerski,https://orcid.org/0009-0007-7546-030X,1,0,0,0,0.0
A5095746606,Lucas Diogo Santos Portella,https://orcid.org/0009-0008-2889-9827,1,0,0,0,0.0
A5113653582,José F. Guilhermino da Silva,,1,1,1,0,1.0
A5121823884,Vitória S. Santos,,1,0,0,0,0.0
A5041541232,Gautam Srivastava,https://orcid.org/0000-0001-9851-4103,808,31166,81,448,15.102739726027398
A5004576707,Vyacheslav I. Yukalov,https://orcid.org/0000-0003-4833-0175,550,9143,47,215,1.1818181818181819
A5003275797,João Paulo Papa,https://orcid.org/0000-0002-6494-7514,526,13083,58,194,2.7717391304347827
A5046370637,Marcos André Gonçalves,https://orcid.org/0000-0002-2075-3363,478,10191,49,196,1.972972972972973
A5012983530,Marta Lígia Pomim Valentim,https://orcid.org/0000-0003-4248-5934,342,682,12,17,0.4583333333333333
A5039263680,Edson Denner Leonel,https://orcid.org/0000-0001-8224-3329,298,2401,27,78,0.7
A5057436676,Sean Wolfgand Matsui Siqueira,https://orcid.org/0000-0002-0864-2396,270,854,14,25,1.1951219512195121
A5003973216,Mathieu Acher,https://orcid.org/0000-0003-1483-3858,256,2919,28,76,1.2040816326530612
A5004127158,Adílson Luiz Pinto,https://orcid.org/0000-0002-4142-2061,250,711,11,14,1.2
A5039130090,Wesley K. G. Assunção,https://orcid.org/0000-0002-7557-9091,247,1678,20,52,1.7142857142857142
A5019891741,Walter Alexandre Carnielli,https://orcid.org/0000-0003-0524-2917,210,3156,29,63,0.42857142857142855
A5032393345,Sílvia Regina Vergílio,https://orcid.org/0000-0003-3139-6266,209,2913,31,86,1.9090909090909092
A5060475953,Ivan Machado,https://orcid.org/0000-0001-9027-2293,192,1664,18,46,1.803921568627451
A5016214452,Alejandro  Héctor Toselli,https://orcid.org/0000-0001-6955-9249,183,2984,32,73,2.2222222222222223
A5019218502,Marcos R. O. A. Máximo,https://orcid.org/0000-0003-2944-4476,173,1181,16,36,2.3207547169811322
A5049724662,Carla Ilane Moreira Bezerra,https://orcid.org/0000-0002-5879-5067,173,720,14,22,0.9636363636363636
A5034546911,Christoph Palm,https://orcid.org/0000-0001-9468-2871,171,4496,34,62,4.045454545454546
A5006873642,Vinícius Cardoso Garcia,https://orcid.org/0000-0001-6904-7470,151,1388,17,32,1.105263157894737
A5047281408,Roberto E. Lopez-Herrejon,https://orcid.org/0000-0002-7067-8269,134,2709,27,63,3.3333333333333335
A5039149327,André Rauber Du Bois,https://orcid.org/0000-0002-6790-5184,130,456,8,5,0.5
A5030850691,Johnny Marques,https://orcid.org/0000-0002-1551-435X,121,421,13,17,0.7083333333333334
A5021603047,Ândréa Cardoso de Souza,https://orcid.org/0000-0002-6549-8634,117,213,8,7,0.125
A5029459739,Tewfik Ziadi,https://orcid.org/0000-0001-9241-8276,116,1509,19,28,0.9411764705882353
A5049490188,Byron Leite Dantas Bezerra,https://orcid.org/0000-0002-8327-9734,115,918,17,32,2.75
A5009218465,Renata Dellalibera-Joviliano,https://orcid.org/0000-0002-5102-6724,114,758,15,19,0.38461538461538464
A5010326271,Alexandre Magno Andrade Maciel,https://orcid.org/0000-0003-4348-9291,114,512,10,10,9.642857142857142
A5037646813,Maria Lencastre,https://orcid.org/0000-0002-8032-8801,106,219,8,6,0.2
A5016903971,Jabier Martinez,https://orcid.org/0000-0001-8742-9640,105,1034,17,29,0.6666666666666666
A5046071877,Marie Anne Macadar,https://orcid.org/0000-0003-2744-5352,96,579,10,11,0.45454545454545453
A5045562918,Wylliams Barbosa Santos,https://orcid.org/0000-0003-2578-1248,94,399,10,10,0.24
A5044338780,Renato Fileto,https://orcid.org/0000-0002-7941-6281,89,669,12,14,1.0416666666666667
A5055579099,Dianne S. V. Medeiros,https://orcid.org/0000-0002-0361-5903,88,885,13,14,1.0
A5009786432,Cesar Augusto Cavalheiro Marcondes,https://orcid.org/0000-0003-1574-0362,85,583,13,16,1.7647058823529411
A5016596330,Rodrigo Rabello,https://orcid.org/0000-0001-7217-1608,81,113,6,2,0.3333333333333333
A5001878987,Cleyton Mário de Oliveira Rodrigues,https://orcid.org/0000-0003-3816-656X,80,251,8,7,0.45161290322580644
A5015620643,Filipe Alves Neto Verri,https://orcid.org/0000-0002-8240-5129,76,401,12,14,2.3529411764705883
A5061049872,Rodrigo Geraldo Ribeiro,https://orcid.org/0000-0003-0131-5154,76,640,10,11,2.7142857142857144
A5030326285,Lourenço Alves Pereira,https://orcid.org/0000-0002-9682-0075,72,426,9,8,0.8333333333333334
A5051913690,Daniela Dallegrave,https://orcid.org/0000-0002-2151-1497,72,209,7,6,0.6296296296296297
A5025235658,Martin Andreoni Lopez,https://orcid.org/0000-0002-4170-4341,64,1050,18,24,12.5
A5018690278,Washington Luiz Miranda da Cunha,https://orcid.org/0000-0002-1988-8412,62,516,10,10,2.25531914893617
A5001614759,Rene O. Medrano-T,https://orcid.org/0000-0003-0866-2466,60,617,16,23,1.8421052631578947
A5024897709,Eduardo Zilles Borba,https://orcid.org/0000-0001-5755-2509,60,120,6,4,0.0
A5042112344,Robert W. Mendel,https://orcid.org/0000-0001-8451-1374,60,1214,16,20,4.0
A5028562659,Jô Gondar,https://orcid.org/0000-0002-4845-4939,54,155,7,3,0.3333333333333333
A5060557236,Bianca Amaro,https://orcid.org/0000-0002-4703-8992,54,31,3,0,0.058823529411764705
A5006372877,Jocildo Figueiredo Correia Neto,https://orcid.org/0000-0003-0839-5804,52,56,3,3,0.6666666666666666
A5041612764,Danilo Samuel Jodas,https://orcid.org/0000-0002-0370-1211,52,421,11,12,4.9523809523809526
A5024694393,Rayssa Nogueira Rodrigues,https://orcid.org/0000-0002-4772-4968,51,255,11,11,0.3333333333333333
A5040224868,David Rauber,https://orcid.org/0009-0006-1782-5035,47,571,11,12,3.0
A5048981783,Abílio Rodrigues,https://orcid.org/0000-0001-6639-9550,45,282,9,9,0.5263157894736842
A5016032709,Grasiela Cristina Silva Botelho Silvestre,https://orcid.org/0000-0001-5367-4648,41,37,4,0,0.14285714285714285
A5047161000,Marcelo Musci,https://orcid.org/0000-0001-8728-9078,41,59,3,1,0.22727272727272727
A5041363251,Érico Veras Marques,https://orcid.org/0000-0003-0011-6938,39,16,2,0,0.5
A5001156386,Thiago Salles,https://orcid.org/0000-0003-2165-1999,36,789,14,18,1.0
A5051647687,Elton Felipe Sbruzzi,https://orcid.org/0000-0003-0457-0310,36,142,8,6,0.4
A5050520179,Arnaldo Simal do Nascimento,https://orcid.org/0000-0002-2762-9226,35,175,8,7,0.0
A5000789863,Luis Antonio de Souza Jr,https://orcid.org/0000-0002-7060-6097,34,1224,17,21,9.8
A5023687349,Nicollas Rodrigues de Oliveira,https://orcid.org/0000-0002-2034-6899,34,334,6,6,1.05
A5024084278,Vitor Curtis,https://orcid.org/0000-0003-4462-3907,29,135,8,7,5.142857142857143
A5039891962,João Renato Ribeiro Manesco,https://orcid.org/0000-0002-1617-5142,29,37,4,0,1.173913043478261
A5021480462,Marcelo Tibau,https://orcid.org/0000-0003-4873-2844,27,58,5,2,1.2
A5021812626,Henrique Antunes,https://orcid.org/0000-0003-2089-8957,24,63,4,2,1.25
A5052254639,Pedro Henrique Paiola,https://orcid.org/0000-0001-9093-535X,24,27,3,0,1.1111111111111112
A5026392038,Sue Ellen Ferreira Modesto Rey de Figueiredo,https://orcid.org/0000-0002-4958-5826,22,27,2,1,0.2
A5046797441,Gabriel Lino Garcia,https://orcid.org/0000-0003-1236-7929,22,30,3,1,1.1111111111111112
A5001194880,Tiago Castro e Couto,https://orcid.org/0000-0003-1521-9489,19,623,10,10,7.0
A5015460158,Gabriel Signoretti,https://orcid.org/0000-0002-8839-0255,19,303,7,6,1.0
A5050966452,Arthur Flor de Sousa Neto,https://orcid.org/0000-0002-0522-2150,18,211,7,7,4.375
A5048558692,Ricardo Santos,https://orcid.org/0000-0003-1007-206X,16,326,4,3,30.11111111111111
A5003562203,Tatyane Guedes Martins da Silva,https://orcid.org/0000-0002-1743-0467,15,1,1,0,0.0
A5009968816,Samuel Estevam Vidal,https://orcid.org/0000-0003-3036-3614,13,98,3,1,0.125
A5005377588,Gabriel Vinícius Heisler,https://orcid.org/0000-0003-4796-9989,10,12,2,0,1.4
A5007639300,Jonathan Cerbaro,,8,15,2,0,0.0
A5016773325,Pamella Letícia Silva de Oliveira,https://orcid.org/0000-0001-8251-0992,8,20,2,1,0.0
A5047219504,Kelven Henrique Silva de Sousa,https://orcid.org/0009-0002-1428-4502,8,0,0,0,0.0
A5050415566,Jose Amancio Macedo Santos,,7,0,0,0,0.0
A5051949764,Gysele Fernandes dos Santos Rogo,https://orcid.org/0000-0002-9278-5110,7,2,1,0,0.25
A5003031508,Maycon Amaro,https://orcid.org/0000-0001-7684-8428,6,2,1,0,0.0
A5015098726,André L. C. Pinheiro,,6,9,2,0,0.0
A5032299243,Carine Melo Cogo Bastos,,6,3,1,0,0.0
A5059843305,Daniel Alves Costa,,6,3,1,0,0.0
A5000924047,Julio D. da Fonseca,https://orcid.org/0000-0002-1678-8678,5,32,2,1,0.0
A5019373112,Arthur Medeiros,https://orcid.org/0009-0003-3716-3022,5,38,3,2,0.0
A5023766357,Mariana dos Santos Caetano Júnior,https://orcid.org/0009-0007-6115-3026,5,2,1,0,0.5
A5026464293,Humberto Damasceno,https://orcid.org/0000-0002-9221-5193,5,19,3,0,0.0
A5004192983,Weihua Lei,https://orcid.org/0000-0002-5044-5345,4,45,2,1,1.0
A5007545991,Igor Bento Alves,https://orcid.org/0009-0004-6246-6452,4,0,0,0,0.0
A5031730495,Wiliane M. A. S. Souza,https://orcid.org/0000-0003-0332-074X,4,6,1,0,3.0
A5000468251,Carla de Gouvêa dos Santos,,3,9,1,0,0.0
A5004596803,Juliane Batista da Silva,https://orcid.org/0000-0003-2428-2025,3,0,0,0,0.0
A5050439613,Mariana Ursini Caires,https://orcid.org/0000-0003-4040-2592,3,1,1,0,0.0
A5060449106,Marcone Ferreira de Souza,https://orcid.org/0000-0002-3240-8604,3,0,0,0,0.0
A5008023612,Francisco Henrique Ximenes da Cruz,,2,0,0,0,0.0
A5023319767,Lucas Leme,,2,14,1,1,0.0
A5043416888,Isadora Therezinha Neves do Couto Vargas,,2,0,0,0,0.0
A5020210582,Aline Franciele dos Anjos Lima,,1,0,0,0,0.0
A5036351263,Laí­za Strinta Castelli,,1,0,0,0,0.0
A5057214839,Paola Santos da Silva,https://orcid.org/0009-0000-7408-2465,1,0,0,0,0.0
A5061190203,Bleno Wilson Frankiin Vale da Silva,,1,0,0,0,0.0
