openalex_id,doi,titulo,ano_publicacao,data_publicacao,tipo,idioma,numero_citacoes,quantidade_autores,open_access,topico_principal
W3130918740,https://doi.org/10.1007/978-3-030-62066-0_23,Think-Aloud Exploratory Search: Understanding Search Behaviors and Knowledge Flows,2021,2021-01-01,conference-paper,en,2,3,False,Web Data Mining and Analysis
W3092307273,https://doi.org/10.14210/cotb.v11n1.p540-547,REACT-M: uma Abordagem Ágil para o Gerenciamento de Requisitos de Software,2020,2020-09-04,conference-paper,en,0,4,True,Software Engineering Techniques and Practices
W7127901202,https://doi.org/10.17533/udea.rib.v49n1e362733,Visualización de la información: tipologías y funciones alineadas con distintos propósitos,2026,2026-01-01,article,,0,3,True,Data Visualization and Analytics
W4405482055,https://doi.org/10.1145/3680127.3680206,The Brazilian Blockchain Network and CBDC: searching for creating a Digital Public Infrastructure,2024,2024-10-01,conference-paper,en,0,2,True,Blockchain Technology Applications and Security
W4226017161,https://doi.org/10.1016/j.shaw.2021.12.1422,"The COVID-19 vaccination campaign and the health impacts on professionals at a Primary Health Care service in the city of São Paulo, Brazil",2022,2022-01-01,article,en,0,2,True,Healthcare during COVID-19 Pandemic
W4404572340,https://doi.org/10.1103/physreve.110.054310,Adversarial training and attribution methods enable evaluation of robustness and interpretability of deep learning models for image classification,2024,2024-11-21,article,en,1,4,False,Adversarial Robustness in Machine Learning
W4391828540,https://doi.org/10.5753/sbseg_estendido.2023.234084,Impacto da otimização de funções hash no desempenho do algoritmo de assinatura digital pós-quântica CRYSTALS-Dilithium,2023,2023-09-18,conference-paper,pt,0,2,True,Quantum Computing Algorithms and Architecture
W4233421562,https://doi.org/10.48195/jie2021-133,PROCESSO DE TRABALHO DA ENFERMAGEM FRENTE AO MANEJO CLINICO DE LESÕES CUTÂNEAS CRÔNICAS,2021,2021-05-05,conference-paper,pt,0,4,True,Healthcare during COVID-19 Pandemic
W4313321115,https://doi.org/10.17665/1676-4285.20226596,Oportunidades e barreiras à comunicação interprofissional no contexto da Covid-19: protocolo de revisão de escopo,2022,2022-12-16,article,pt,0,6,True,Healthcare during COVID-19 Pandemic
W3036964893,https://doi.org/10.22456/2175-2745.100968,A Mechanized Proof of a Textbook Type Unification Algorithm,2020,2020-06-18,article,en,0,3,True,"Logic, programming, and type systems"
W4395444663,https://doi.org/10.1016/j.softx.2024.101747,TAC: A Python package for IoT-focused Tiny Anomaly Compression,2024,2024-04-25,software-paper,en,1,4,True,Algorithms and Data Compression
W4211247621,https://doi.org/10.1007/978-3-030-81473-1_9,An Introduction to Wearable Sensor Technology,2022,2022-01-01,book-chapter,en,1,3,False,IoT and Edge/Fog Computing
W4319935697,https://doi.org/10.1007/978-3-031-09062-2_1,A Tutorial to Use the MediaPipe Framework with ROS2,2023,2023-01-01,book-chapter,en,1,5,False,Robotic Path Planning Algorithms
W4391332401,https://doi.org/10.37423/231208527,Aspectos Gerais da Reação Inflamatória na COVID-19,2023,2023-01-01,book-chapter,pt,0,2,True,Healthcare during COVID-19 Pandemic
W4409312658,https://doi.org/10.5753/educomp.2025.4889,Exploring Non-CS Learners’ Experience in Brazil,2025,2025-04-07,conference-paper,en,0,3,True,Teaching and Learning Programming
W4391140408,https://doi.org/10.5753/sbie.2023.234819,Development of Visualization Metaphors for Monitoring Student Engagement in Distance Learning Environments,2023,2023-11-06,conference-paper,en,0,3,True,Online Learning and Analytics
W4402148454,https://doi.org/10.1007/978-3-031-70536-6_19,BRESSAY: A Brazilian Portuguese Dataset for Offline Handwritten Text Recognition,2024,2024-01-01,conference-paper,en,6,10,False,Handwritten Text Recognition Techniques
W4389936287,https://doi.org/10.4081/rp.2023.848,Answering to the Italian colleagues,2023,2023-12-19,article,en,0,1,True,Linguistic Studies and Language Acquisition
W4309710666,https://doi.org/10.1007/978-3-031-11686-5,Handbook of Re-Engineering Software Intensive Systems into Software Product Lines,2022,2022-11-22,book,en,15,6,False,Software Engineering Techniques and Practices
W4412376968,https://doi.org/10.1145/3726302.3730052,Optimizing Tail-Head Trade-off for Extreme Multi-Label Text Classification (XMTC) with RAG-Labels and a Dynamic Two-Stage Retrieval and Fusion Pipeline,2025,2025-07-13,conference-paper,en,2,6,True,Text and Document Classification Technologies
W3091453955,https://doi.org/10.4322/sinabim.2020.012,"A ELABORAÇÃO DE MAPAS HIPSOMÉTRICOS NA TOMADA DE DECISÃO EM OBRA, USANDO O SOFTWARE AUTOCAD CIVIL 3D",2020,2020-01-01,conference-paper,pt,0,2,True,Augmented Reality Applications
W4411087782,https://doi.org/10.5433/1981-8920.2025v30n1p130,Metacognição e sua inter-relação com a Competência em Informação no contexto empresarial,2025,2025-05-30,article,pt,0,2,True,Information Science and Libraries
W4393690069,https://doi.org/10.5281/zenodo.5035466,TDB2 databases for LargeRDFBench,2021,2021-06-27,dataset,en,0,2,True,Advanced Data Storage Technologies
W4415405014,https://doi.org/10.56238/revgeov16n5-044,RECONHECIMENTO AUTOMÁTICO DE TATUAGENS: APLICAÇÃO NA ÁREA FORENSE,2025,2025-10-21,article,,0,4,True,Hand Gesture Recognition Systems
W4295106655,https://doi.org/10.5902/2316882x67142,A realidade do outro em realidade virtual: experiências imersivas e multissensoriais para comunicar a empatia,2022,2022-09-07,article,pt,0,2,True,Virtual Reality Applications and Impacts
W4404445849,https://doi.org/10.1007/978-3-031-76607-7_16,Impact of Quantization on Large Language Models for Portuguese Classification Tasks,2024,2024-11-16,conference-paper,en,2,5,False,Natural Language Processing Techniques
W3053396053,https://doi.org/10.3390/axioms9030100,Kripke-Style Models for Logics of Evidence and Truth,2020,2020-08-19,article,en,15,4,True,"Logic, Reasoning, and Knowledge"
W4378966708,https://doi.org/10.1016/j.chaos.2023.113553,Density of instantaneous frequencies in the Kuramoto–Sakaguchi model,2023,2023-06-01,article,en,0,3,True,Nonlinear Dynamics and Pattern Formation
W4285333649,https://doi.org/10.18310/2446-4813.2022v8n1p39-49,“Hiperbingão”: Uma Estratégia de Adesão ao Tratamento de Hipertensão Arterial Sistêmica na Atenção Primária à Saúde,2021,2021-11-04,article,pt,1,3,True,Healthcare during COVID-19 Pandemic
W7118005793,https://doi.org/10.1007/978-3-032-12879-9_23,OntoIAC: Ontological Modeling of Collaborations Between Industry and Academia in the Context of Agile Software Development,2026,2026-01-01,conference-paper,en,0,3,False,Semantic Web and Ontologies
W3189372064,,CONTRIBUIÇÕES DA CIÊNCIA EM TEMPOS DE PANDEMIA,2021,2021-05-31,article,pt,0,1,False,Healthcare during COVID-19 Pandemic
W4410927254,https://doi.org/10.1134/s1547477125700153,Self-Similar Renormalization for Nonlinear Problems,2025,2025-06-01,article,en,0,2,False,Nonlinear Dynamics and Pattern Formation
W4388821160,https://doi.org/10.1109/6gnet58894.2023.10317714,An Agile Conflict-Solving Framework for Intent-Based Management of Service Level Agreement,2023,2023-10-18,conference-paper,en,16,5,False,Software System Performance and Reliability
W3116546570,,A inclusão feminina no contexto da Brigada Militar no RS : a análise do domínio em registros de arquivo para subsidiar a construção de uma taxonomia,2020,2020-10-28,conference-abstract,pt,0,2,True,Information Science and Libraries
W4379466730,https://doi.org/10.13102/semic.vi26.9905,Investigando o impacto de anomalias de código nas práticas do desenvolvimento de software,2023,2023-06-06,article,pt,0,2,True,Software Reliability and Analysis Research
W4389918371,https://doi.org/10.48075/csar.v26i46.30228,O uso da tecnologia da informação nas decisões de consumo e de investimento dos jovens durante a pandemia,2023,2023-12-18,article,pt,0,3,True,Healthcare during COVID-19 Pandemic
W4318433276,https://doi.org/10.1137/21m1448082,The Destabilizing Effect of Unbalanced Reaction as Diffusivity Decreases on Reaction-Diffusion Equations in Boundaryless Surfaces,2023,2023-01-20,article,en,0,1,False,Nonlinear Dynamics and Pattern Formation
W4400314148,https://doi.org/10.29327/1407529.27-11,Modelagem Conceitual de Dívida Técnica na Engenharia de Requisitos,2024,2024-01-01,conference-abstract,pt,1,3,True,Software Engineering Techniques and Practices
W7206181922,https://doi.org/10.5281/zenodo.22255833,"Coffee Cups, Donuts, and Invariants: A State of the Art Review of Topology, Invariants, and the Shape of Space",2026,2026-09-02,article,,0,2,True,Topological and Geometric Data Analysis
W7206163425,https://doi.org/10.5281/zenodo.22259557,"Locks, Keys, and Clinical Trials: A State of the Art Review of Pharmaceutical Chemistry and Drug Design",2026,2026-09-02,article,,0,2,True,Computational Drug Discovery Methods
W3132636435,https://doi.org/10.36489/saudecoletiva.2018v8i45p869-873,Terceira idade e medicação: compreensão da terapêutica medicamentosa por idosos não alfabetizados,2021,2021-01-15,article,pt,0,6,True,Healthcare during COVID-19 Pandemic
W7161949147,https://doi.org/10.52641/cadcajv11i6.2859,Manifestações clínicas precoces e complexidade diagnóstica na doença de Alzheimer: uma revisão sistemática,2026,2026-05-21,article,pt,0,4,True,Healthcare during COVID-19 Pandemic
W7117998215,https://doi.org/10.5753/eramiars.2025.16764,Detection of Vehicle Purchases in Various Invoices using Large-Scale Language Models,2025,2025-11-12,conference-paper,,0,4,True,Sentiment Analysis and Opinion Mining
W4394892343,https://doi.org/10.36557/2674-8169.2024v6n4p1634-1652,INFARTO AGUDO DO MIOCÁRDIO E SEUS MANEJOS NA EMERGÊNCIA CARDIOLÓGICA REVISÃO SISTEMÁTICA,2024,2024-04-16,article,pt,0,14,True,Healthcare during COVID-19 Pandemic
W4404470478,https://doi.org/10.22478/ufpb.1809-4775.2023v19n2.67549,Aplicação do capital científico do tipo objetivado e puro na Base de Dados em Ciência da Informação,2023,2023-10-20,article,pt,1,1,True,Information Science and Libraries
W3146811573,https://doi.org/10.36227/techrxiv.14347655.v1,A Roadmap to Nextgen Aircraft Control for Last Mile Delivery Drones,2021,2021-04-06,preprint,en,1,8,True,Blockchain Technology Applications and Security
W4318328439,https://doi.org/10.1145/3571473.3571487,Analyzing Test Smells Refactoring from a Developers Perspective,2022,2022-11-07,conference-paper,en,7,4,True,Software Engineering Research
W4415964631,https://doi.org/10.5195/biblios.2025.1271,Acessibilidade digital,2025,2025-11-06,article,pt,0,8,True,Information Science and Libraries
W4317930152,https://doi.org/10.1016/j.compbiomed.2023.106585,Error-Correcting Mean-Teacher: Corrections instead of consistency-targets applied to semi-supervised medical image segmentation,2023,2023-01-25,article,en,25,5,True,Advanced Neural Network Applications
W4295339560,https://doi.org/10.21728/logeion.2022v9n1.p62-90,Mediação da informação em presença,2022,2022-09-13,article,pt,6,1,True,Information Science and Libraries
